{
  "id": "1.14.4-Baritone",
  "type": "release",
  "inheritsFrom": "1.14.4",
  "jar": "1.14.4",
  "time": "2019-07-23T20:50:21Z",
  "releaseTime": "2019-07-23T20:50:21Z",
  "downloads": {},
  "minimumLauncherVersion": 0,
  "mainClass": "net.minecraft.launchwrapper.Launch",
  "arguments": {
    "game": [
     "--tweakClass",
     "baritone.launch.BaritoneTweaker"
    ]
  },
  "libraries": [
    {
      "name": "net.minecraft:launchwrapper:1.12"
    },
    {
      "name": "cabaletta:baritone-api:1.4",
      "url": "https://impactdevelopment.github.io/maven/"
    },
    {
      "name": "com.github.ImpactDevelopment:SimpleTweaker:1.2",
      "url": "https://impactdevelopment.github.io/maven/"
    },
    {
      "name": "org.spongepowered:mixin:0.7.11-SNAPSHOT",
      "url": "http://dl.liteloader.com/versions/"
    },
    {
      "name": "org.ow2.asm:asm-all:5.0.3",
      "url": "http://repo1.maven.org/maven2/"
    }
  ]
}